songIndex,version,value
s1,V1,0
s2,V1,0
s3,V1,0
s4,V1,0
s5,V1,0
s6,V1,0
s7,V1,0
s8,V1,0
s9,V1,0
s10,V1,0
s11,V1,0
s12,V1,0
s13,V1,0
s14,V1,0
s15,V1,0
s16,V1,0
s17,V1,0
s18,V1,0
s19,V1,0
s20,V1,0
s21,V1,0
s22,V1,0
s23,V1,0
s24,V1,0
s25,V1,0
s26,V1,0
s27,V1,0
s28,V1,0
s29,V1,0
s30,V1,0
s31,V1,0
s32,V1,0
s33,V1,0
s34,V1,0
s35,V1,0
s36,V1,0
s37,V1,0
s38,V1,0
s39,V1,0
s40,V1,0
s41,V1,0
s42,V1,0
s43,V1,0
s44,V1,0
s45,V1,0
s46,V1,0
s47,V1,0
s48,V1,0
s49,V1,0
s50,V1,0
s51,V1,0
s52,V1,0
s53,V1,0
s54,V1,0
s55,V1,0
s56,V1,0
s57,V1,0
s58,V1,0
s59,V1,0
s60,V1,1
s61,V1,0
s62,V1,0
s63,V1,0
s64,V1,0
s65,V1,0
s66,V1,0
s67,V1,0
s68,V1,0
s69,V1,0
s70,V1,0
s71,V1,0
s72,V1,0
s73,V1,0
s74,V1,0
s75,V1,0
s76,V1,0
s77,V1,0
s78,V1,0
s79,V1,0
s80,V1,0
s81,V1,0
s82,V1,0
s83,V1,0
s84,V1,0
s85,V1,0
s86,V1,0
s87,V1,0
s88,V1,0
s89,V1,0
s90,V1,0
s91,V1,0
s92,V1,0
s93,V1,0
s94,V1,0
s95,V1,0
s96,V1,0
s97,V1,0
s98,V1,0
s99,V1,0
s100,V1,0
s101,V1,0
s102,V1,0
s103,V1,0
s104,V1,0
s105,V1,0
s106,V1,0
s107,V1,0
s108,V1,0
s109,V1,0
s110,V1,0
s111,V1,0
s112,V1,0
s113,V1,0
s114,V1,0
s115,V1,0
s116,V1,0
s117,V1,0
s118,V1,0
s119,V1,0
s120,V1,0
s121,V1,0
s122,V1,0
s123,V1,0
s124,V1,0
s125,V1,0
s126,V1,0
s127,V1,0
s128,V1,0
s129,V1,0
s130,V1,0
s131,V1,0
s132,V1,0
s133,V1,0
s134,V1,0
s135,V1,0
s136,V1,0
s137,V1,1
s138,V1,0
s139,V1,0
s140,V1,0
s141,V1,0
s142,V1,0
s143,V1,0
s144,V1,0
s145,V1,0
s146,V1,0
s147,V1,0
s148,V1,0
s149,V1,0
s150,V1,0
s151,V1,0
s152,V1,0
s153,V1,0
s154,V1,0
s155,V1,0
s156,V1,0
s157,V1,0
s158,V1,0
s159,V1,0
s160,V1,0
s161,V1,0
s162,V1,0
s163,V1,0
s164,V1,0
s165,V1,0
s166,V1,0
s167,V1,0
s168,V1,0
s169,V1,0
s170,V1,0
s171,V1,0
s172,V1,0
s173,V1,0
s174,V1,0
s175,V1,0
s176,V1,0
s177,V1,0
s178,V1,0
s179,V1,0
s180,V1,0
s181,V1,0
s182,V1,0
s183,V1,0
s184,V1,0
s185,V1,0
s186,V1,0
s187,V1,0
s188,V1,0
s189,V1,0
s190,V1,0
s191,V1,0
s192,V1,0
s193,V1,0
s194,V1,0
s195,V1,0
s196,V1,0
s197,V1,0
s198,V1,0
s199,V1,0
s200,V1,0
s201,V1,0
s202,V1,0
s203,V1,0
s204,V1,0
s205,V1,0
s206,V1,0
s207,V1,0
s208,V1,0
s209,V1,0
s210,V1,0
s211,V1,0
s212,V1,0
s213,V1,0
s214,V1,0
s215,V1,0
s216,V1,0
s217,V1,0
s218,V1,0
s219,V1,0
s220,V1,0
s221,V1,0
s222,V1,0
s223,V1,0
s224,V1,0
s225,V1,0
s226,V1,0
s227,V1,0
s228,V1,0
s229,V1,1
s230,V1,0
s231,V1,0
s232,V1,0
s233,V1,0
s234,V1,0
s235,V1,0
s236,V1,0
s237,V1,0
s238,V1,0
s239,V1,0
s240,V1,0
s241,V1,0
s242,V1,0
s243,V1,0
s244,V1,0
s245,V1,0
s246,V1,0
s247,V1,0
s248,V1,0
s249,V1,0
s250,V1,0
s251,V1,1
s252,V1,0
s253,V1,0
s254,V1,0
s255,V1,0
s256,V1,0
s257,V1,0
s258,V1,0
s259,V1,0
s260,V1,0
s261,V1,0
s262,V1,0
s263,V1,0
s264,V1,0
s265,V1,0
s266,V1,0
s267,V1,0
s268,V1,0
s269,V1,0
s270,V1,0
s271,V1,0
s272,V1,0
s273,V1,0
s274,V1,0
s275,V1,0
s276,V1,0
s277,V1,0
s278,V1,0
s279,V1,0
s280,V1,0
s281,V1,0
s282,V1,0
s283,V1,0
s284,V1,0
s285,V1,0
s286,V1,0
s287,V1,0
s288,V1,0
s289,V1,0
s290,V1,0
s291,V1,0
s292,V1,0
s293,V1,0
s294,V1,0
s295,V1,0
s296,V1,0
s297,V1,0
s298,V1,0
s299,V1,0
s300,V1,0
s301,V1,0
s302,V1,0
s303,V1,0
s304,V1,0
s305,V1,0
s306,V1,0
s307,V1,0
s308,V1,0
s309,V1,0
s310,V1,0
s311,V1,0
s312,V1,0
s313,V1,0
s314,V1,0
s315,V1,0
s316,V1,0
s317,V1,0
s318,V1,0
s319,V1,0
s320,V1,0
s321,V1,0
s322,V1,0
s323,V1,0
s324,V1,0
s325,V1,0
s326,V1,0
s327,V1,0
s328,V1,0
s329,V1,0
s330,V1,0
s331,V1,0
s332,V1,0
s333,V1,0
s334,V1,0
s335,V1,0
s336,V1,0
s337,V1,0
s338,V1,0
s339,V1,0
s340,V1,0
s341,V1,0
s342,V1,0
s343,V1,0
s344,V1,0
s345,V1,0
s346,V1,0
s347,V1,0
s348,V1,0
s349,V1,0
s350,V1,0
s351,V1,0
s352,V1,0
s353,V1,0
s354,V1,0
s355,V1,0
s356,V1,0
s357,V1,0
s358,V1,0
s359,V1,0
s360,V1,0
s361,V1,0
s362,V1,0
s363,V1,0
s1,V2,0
s2,V2,0
s3,V2,0
s4,V2,0
s5,V2,0
s6,V2,0
s7,V2,0
s8,V2,0
s9,V2,0
s10,V2,0
s11,V2,0
s12,V2,0
s13,V2,0
s14,V2,0
s15,V2,0
s16,V2,0
s17,V2,0
s18,V2,0
s19,V2,0
s20,V2,0
s21,V2,0
s22,V2,0
s23,V2,0
s24,V2,0
s25,V2,0
s26,V2,0
s27,V2,0
s28,V2,0
s29,V2,0
s30,V2,0
s31,V2,0
s32,V2,0
s33,V2,0
s34,V2,0
s35,V2,0
s36,V2,0
s37,V2,0
s38,V2,0
s39,V2,0
s40,V2,0
s41,V2,0
s42,V2,0
s43,V2,0
s44,V2,0
s45,V2,0
s46,V2,0
s47,V2,0
s48,V2,0
s49,V2,0
s50,V2,0
s51,V2,0
s52,V2,0
s53,V2,0
s54,V2,0
s55,V2,1
s56,V2,0
s57,V2,0
s58,V2,0
s59,V2,0
s60,V2,0
s61,V2,0
s62,V2,0
s63,V2,0
s64,V2,0
s65,V2,0
s66,V2,0
s67,V2,0
s68,V2,0
s69,V2,0
s70,V2,0
s71,V2,0
s72,V2,0
s73,V2,0
s74,V2,0
s75,V2,0
s76,V2,0
s77,V2,0
s78,V2,0
s79,V2,0
s80,V2,0
s81,V2,0
s82,V2,0
s83,V2,0
s84,V2,0
s85,V2,0
s86,V2,0
s87,V2,0
s88,V2,0
s89,V2,0
s90,V2,0
s91,V2,0
s92,V2,0
s93,V2,0
s94,V2,0
s95,V2,0
s96,V2,0
s97,V2,0
s98,V2,0
s99,V2,0
s100,V2,0
s101,V2,0
s102,V2,0
s103,V2,0
s104,V2,0
s105,V2,0
s106,V2,0
s107,V2,0
s108,V2,0
s109,V2,0
s110,V2,0
s111,V2,0
s112,V2,0
s113,V2,0
s114,V2,0
s115,V2,0
s116,V2,0
s117,V2,0
s118,V2,0
s119,V2,0
s120,V2,0
s121,V2,0
s122,V2,0
s123,V2,0
s124,V2,0
s125,V2,0
s126,V2,0
s127,V2,0
s128,V2,0
s129,V2,0
s130,V2,0
s131,V2,0
s132,V2,0
s133,V2,0
s134,V2,0
s135,V2,0
s136,V2,0
s137,V2,0
s138,V2,0
s139,V2,0
s140,V2,0
s141,V2,0
s142,V2,0
s143,V2,0
s144,V2,0
s145,V2,0
s146,V2,0
s147,V2,0
s148,V2,0
s149,V2,0
s150,V2,0
s151,V2,0
s152,V2,0
s153,V2,0
s154,V2,0
s155,V2,0
s156,V2,0
s157,V2,0
s158,V2,0
s159,V2,0
s160,V2,0
s161,V2,0
s162,V2,0
s163,V2,0
s164,V2,0
s165,V2,0
s166,V2,0
s167,V2,0
s168,V2,0
s169,V2,0
s170,V2,0
s171,V2,0
s172,V2,0
s173,V2,0
s174,V2,0
s175,V2,0
s176,V2,0
s177,V2,0
s178,V2,0
s179,V2,0
s180,V2,0
s181,V2,0
s182,V2,0
s183,V2,0
s184,V2,0
s185,V2,0
s186,V2,0
s187,V2,0
s188,V2,0
s189,V2,0
s190,V2,0
s191,V2,0
s192,V2,0
s193,V2,0
s194,V2,0
s195,V2,0
s196,V2,0
s197,V2,0
s198,V2,0
s199,V2,0
s200,V2,0
s201,V2,0
s202,V2,0
s203,V2,0
s204,V2,0
s205,V2,0
s206,V2,0
s207,V2,0
s208,V2,0
s209,V2,0
s210,V2,0
s211,V2,0
s212,V2,0
s213,V2,0
s214,V2,0
s215,V2,0
s216,V2,0
s217,V2,0
s218,V2,0
s219,V2,0
s220,V2,0
s221,V2,0
s222,V2,0
s223,V2,0
s224,V2,0
s225,V2,0
s226,V2,0
s227,V2,0
s228,V2,0
s229,V2,0
s230,V2,0
s231,V2,0
s232,V2,0
s233,V2,0
s234,V2,0
s235,V2,0
s236,V2,0
s237,V2,0
s238,V2,0
s239,V2,0
s240,V2,0
s241,V2,0
s242,V2,0
s243,V2,0
s244,V2,0
s245,V2,0
s246,V2,0
s247,V2,0
s248,V2,0
s249,V2,0
s250,V2,0
s251,V2,0
s252,V2,0
s253,V2,0
s254,V2,0
s255,V2,0
s256,V2,0
s257,V2,0
s258,V2,0
s259,V2,0
s260,V2,0
s261,V2,0
s262,V2,0
s263,V2,0
s264,V2,0
s265,V2,0
s266,V2,0
s267,V2,0
s268,V2,0
s269,V2,0
s270,V2,0
s271,V2,0
s272,V2,0
s273,V2,0
s274,V2,0
s275,V2,0
s276,V2,0
s277,V2,0
s278,V2,0
s279,V2,0
s280,V2,0
s281,V2,0
s282,V2,0
s283,V2,0
s284,V2,0
s285,V2,0
s286,V2,0
s287,V2,0
s288,V2,0
s289,V2,0
s290,V2,0
s291,V2,0
s292,V2,0
s293,V2,0
s294,V2,1
s295,V2,0
s296,V2,0
s297,V2,0
s298,V2,0
s299,V2,0
s300,V2,0
s301,V2,0
s302,V2,0
s303,V2,0
s304,V2,0
s305,V2,0
s306,V2,0
s307,V2,0
s308,V2,0
s309,V2,0
s310,V2,0
s311,V2,0
s312,V2,0
s313,V2,0
s314,V2,0
s315,V2,0
s316,V2,0
s317,V2,0
s318,V2,0
s319,V2,0
s320,V2,0
s321,V2,0
s322,V2,0
s323,V2,0
s324,V2,0
s325,V2,0
s326,V2,0
s327,V2,0
s328,V2,0
s329,V2,0
s330,V2,0
s331,V2,0
s332,V2,0
s333,V2,0
s334,V2,0
s335,V2,0
s336,V2,0
s337,V2,0
s338,V2,0
s339,V2,0
s340,V2,0
s341,V2,0
s342,V2,0
s343,V2,0
s344,V2,0
s345,V2,0
s346,V2,0
s347,V2,0
s348,V2,0
s349,V2,0
s350,V2,0
s351,V2,0
s352,V2,0
s353,V2,0
s354,V2,0
s355,V2,0
s356,V2,0
s357,V2,0
s358,V2,0
s359,V2,0
s360,V2,0
s361,V2,0
s362,V2,0
s363,V2,0
s1,V3,0
s2,V3,0
s3,V3,0
s4,V3,0
s5,V3,0
s6,V3,0
s7,V3,0
s8,V3,0
s9,V3,0
s10,V3,0
s11,V3,0
s12,V3,0
s13,V3,0
s14,V3,0
s15,V3,0
s16,V3,0
s17,V3,0
s18,V3,0
s19,V3,0
s20,V3,0
s21,V3,0
s22,V3,0
s23,V3,0
s24,V3,1
s25,V3,1
s26,V3,0
s27,V3,0
s28,V3,0
s29,V3,0
s30,V3,0
s31,V3,0
s32,V3,0
s33,V3,0
s34,V3,0
s35,V3,0
s36,V3,0
s37,V3,0
s38,V3,0
s39,V3,0
s40,V3,0
s41,V3,0
s42,V3,0
s43,V3,0
s44,V3,0
s45,V3,0
s46,V3,0
s47,V3,0
s48,V3,0
s49,V3,0
s50,V3,0
s51,V3,0
s52,V3,0
s53,V3,0
s54,V3,0
s55,V3,0
s56,V3,0
s57,V3,0
s58,V3,0
s59,V3,0
s60,V3,0
s61,V3,0
s62,V3,0
s63,V3,0
s64,V3,0
s65,V3,0
s66,V3,0
s67,V3,0
s68,V3,0
s69,V3,0
s70,V3,0
s71,V3,0
s72,V3,0
s73,V3,0
s74,V3,0
s75,V3,0
s76,V3,0
s77,V3,0
s78,V3,0
s79,V3,0
s80,V3,0
s81,V3,0
s82,V3,0
s83,V3,0
s84,V3,0
s85,V3,0
s86,V3,0
s87,V3,0
s88,V3,0
s89,V3,0
s90,V3,0
s91,V3,0
s92,V3,0
s93,V3,0
s94,V3,0
s95,V3,0
s96,V3,0
s97,V3,0
s98,V3,0
s99,V3,0
s100,V3,0
s101,V3,0
s102,V3,0
s103,V3,0
s104,V3,0
s105,V3,0
s106,V3,0
s107,V3,0
s108,V3,0
s109,V3,0
s110,V3,0
s111,V3,1
s112,V3,0
s113,V3,0
s114,V3,0
s115,V3,0
s116,V3,0
s117,V3,0
s118,V3,0
s119,V3,0
s120,V3,0
s121,V3,0
s122,V3,0
s123,V3,0
s124,V3,0
s125,V3,0
s126,V3,0
s127,V3,0
s128,V3,0
s129,V3,0
s130,V3,0
s131,V3,0
s132,V3,0
s133,V3,0
s134,V3,0
s135,V3,0
s136,V3,0
s137,V3,0
s138,V3,0
s139,V3,0
s140,V3,0
s141,V3,0
s142,V3,0
s143,V3,0
s144,V3,0
s145,V3,0
s146,V3,0
s147,V3,0
s148,V3,0
s149,V3,0
s150,V3,0
s151,V3,0
s152,V3,0
s153,V3,0
s154,V3,0
s155,V3,0
s156,V3,0
s157,V3,0
s158,V3,0
s159,V3,0
s160,V3,0
s161,V3,0
s162,V3,0
s163,V3,0
s164,V3,0
s165,V3,0
s166,V3,0
s167,V3,0
s168,V3,0
s169,V3,0
s170,V3,0
s171,V3,0
s172,V3,0
s173,V3,0
s174,V3,0
s175,V3,0
s176,V3,0
s177,V3,0
s178,V3,0
s179,V3,0
s180,V3,0
s181,V3,0
s182,V3,0
s183,V3,0
s184,V3,0
s185,V3,0
s186,V3,0
s187,V3,0
s188,V3,0
s189,V3,0
s190,V3,0
s191,V3,0
s192,V3,0
s193,V3,0
s194,V3,0
s195,V3,0
s196,V3,0
s197,V3,0
s198,V3,0
s199,V3,0
s200,V3,0
s201,V3,0
s202,V3,0
s203,V3,0
s204,V3,0
s205,V3,0
s206,V3,0
s207,V3,0
s208,V3,0
s209,V3,0
s210,V3,0
s211,V3,0
s212,V3,0
s213,V3,0
s214,V3,0
s215,V3,0
s216,V3,0
s217,V3,0
s218,V3,0
s219,V3,0
s220,V3,0
s221,V3,0
s222,V3,0
s223,V3,0
s224,V3,0
s225,V3,0
s226,V3,0
s227,V3,0
s228,V3,0
s229,V3,0
s230,V3,0
s231,V3,0
s232,V3,0
s233,V3,0
s234,V3,0
s235,V3,0
s236,V3,0
s237,V3,0
s238,V3,0
s239,V3,0
s240,V3,0
s241,V3,0
s242,V3,0
s243,V3,0
s244,V3,0
s245,V3,0
s246,V3,0
s247,V3,0
s248,V3,0
s249,V3,0
s250,V3,0
s251,V3,0
s252,V3,0
s253,V3,0
s254,V3,0
s255,V3,0
s256,V3,0
s257,V3,0
s258,V3,0
s259,V3,0
s260,V3,0
s261,V3,0
s262,V3,0
s263,V3,0
s264,V3,0
s265,V3,0
s266,V3,0
s267,V3,0
s268,V3,0
s269,V3,0
s270,V3,0
s271,V3,0
s272,V3,0
s273,V3,0
s274,V3,0
s275,V3,0
s276,V3,0
s277,V3,0
s278,V3,0
s279,V3,0
s280,V3,0
s281,V3,0
s282,V3,0
s283,V3,0
s284,V3,0
s285,V3,0
s286,V3,0
s287,V3,0
s288,V3,0
s289,V3,0
s290,V3,0
s291,V3,0
s292,V3,0
s293,V3,0
s294,V3,0
s295,V3,0
s296,V3,0
s297,V3,0
s298,V3,0
s299,V3,0
s300,V3,0
s301,V3,0
s302,V3,0
s303,V3,0
s304,V3,0
s305,V3,0
s306,V3,0
s307,V3,0
s308,V3,0
s309,V3,0
s310,V3,0
s311,V3,0
s312,V3,1
s313,V3,0
s314,V3,0
s315,V3,0
s316,V3,0
s317,V3,0
s318,V3,0
s319,V3,0
s320,V3,0
s321,V3,0
s322,V3,0
s323,V3,0
s324,V3,0
s325,V3,0
s326,V3,0
s327,V3,0
s328,V3,0
s329,V3,0
s330,V3,0
s331,V3,0
s332,V3,0
s333,V3,0
s334,V3,0
s335,V3,0
s336,V3,0
s337,V3,0
s338,V3,0
s339,V3,0
s340,V3,0
s341,V3,0
s342,V3,0
s343,V3,0
s344,V3,0
s345,V3,0
s346,V3,0
s347,V3,0
s348,V3,0
s349,V3,0
s350,V3,0
s351,V3,0
s352,V3,0
s353,V3,0
s354,V3,0
s355,V3,0
s356,V3,0
s357,V3,0
s358,V3,0
s359,V3,0
s360,V3,0
s361,V3,0
s362,V3,0
s363,V3,0
s1,V4,0
s2,V4,0
s3,V4,0
s4,V4,0
s5,V4,0
s6,V4,0
s7,V4,0
s8,V4,0
s9,V4,0
s10,V4,0
s11,V4,0
s12,V4,0
s13,V4,0
s14,V4,0
s15,V4,0
s16,V4,0
s17,V4,0
s18,V4,0
s19,V4,0
s20,V4,0
s21,V4,0
s22,V4,0
s23,V4,0
s24,V4,0
s25,V4,0
s26,V4,0
s27,V4,0
s28,V4,0
s29,V4,0
s30,V4,0
s31,V4,0
s32,V4,0
s33,V4,0
s34,V4,0
s35,V4,0
s36,V4,0
s37,V4,0
s38,V4,0
s39,V4,0
s40,V4,0
s41,V4,0
s42,V4,0
s43,V4,0
s44,V4,0
s45,V4,0
s46,V4,0
s47,V4,0
s48,V4,0
s49,V4,0
s50,V4,0
s51,V4,0
s52,V4,0
s53,V4,0
s54,V4,0
s55,V4,0
s56,V4,0
s57,V4,0
s58,V4,0
s59,V4,0
s60,V4,0
s61,V4,0
s62,V4,0
s63,V4,0
s64,V4,0
s65,V4,0
s66,V4,0
s67,V4,0
s68,V4,0
s69,V4,0
s70,V4,0
s71,V4,0
s72,V4,0
s73,V4,0
s74,V4,0
s75,V4,0
s76,V4,0
s77,V4,0
s78,V4,0
s79,V4,0
s80,V4,0
s81,V4,0
s82,V4,0
s83,V4,0
s84,V4,0
s85,V4,0
s86,V4,0
s87,V4,0
s88,V4,0
s89,V4,0
s90,V4,0
s91,V4,0
s92,V4,0
s93,V4,0
s94,V4,0
s95,V4,0
s96,V4,0
s97,V4,0
s98,V4,0
s99,V4,0
s100,V4,0
s101,V4,0
s102,V4,0
s103,V4,0
s104,V4,0
s105,V4,0
s106,V4,0
s107,V4,0
s108,V4,0
s109,V4,0
s110,V4,0
s111,V4,0
s112,V4,0
s113,V4,0
s114,V4,0
s115,V4,0
s116,V4,0
s117,V4,0
s118,V4,0
s119,V4,0
s120,V4,0
s121,V4,0
s122,V4,0
s123,V4,0
s124,V4,0
s125,V4,0
s126,V4,0
s127,V4,0
s128,V4,0
s129,V4,0
s130,V4,0
s131,V4,0
s132,V4,0
s133,V4,0
s134,V4,0
s135,V4,0
s136,V4,0
s137,V4,0
s138,V4,0
s139,V4,0
s140,V4,0
s141,V4,0
s142,V4,0
s143,V4,0
s144,V4,0
s145,V4,0
s146,V4,0
s147,V4,0
s148,V4,0
s149,V4,0
s150,V4,0
s151,V4,0
s152,V4,0
s153,V4,0
s154,V4,0
s155,V4,0
s156,V4,1
s157,V4,0
s158,V4,0
s159,V4,0
s160,V4,0
s161,V4,0
s162,V4,0
s163,V4,0
s164,V4,0
s165,V4,0
s166,V4,0
s167,V4,0
s168,V4,0
s169,V4,0
s170,V4,0
s171,V4,0
s172,V4,0
s173,V4,0
s174,V4,0
s175,V4,0
s176,V4,0
s177,V4,0
s178,V4,0
s179,V4,0
s180,V4,0
s181,V4,0
s182,V4,0
s183,V4,0
s184,V4,0
s185,V4,0
s186,V4,0
s187,V4,0
s188,V4,0
s189,V4,0
s190,V4,0
s191,V4,0
s192,V4,0
s193,V4,0
s194,V4,0
s195,V4,0
s196,V4,0
s197,V4,0
s198,V4,0
s199,V4,0
s200,V4,0
s201,V4,0
s202,V4,0
s203,V4,0
s204,V4,0
s205,V4,0
s206,V4,0
s207,V4,0
s208,V4,0
s209,V4,0
s210,V4,0
s211,V4,0
s212,V4,0
s213,V4,0
s214,V4,0
s215,V4,0
s216,V4,0
s217,V4,0
s218,V4,0
s219,V4,1
s220,V4,0
s221,V4,0
s222,V4,0
s223,V4,0
s224,V4,0
s225,V4,0
s226,V4,0
s227,V4,0
s228,V4,0
s229,V4,0
s230,V4,0
s231,V4,0
s232,V4,0
s233,V4,0
s234,V4,0
s235,V4,0
s236,V4,0
s237,V4,0
s238,V4,0
s239,V4,0
s240,V4,0
s241,V4,0
s242,V4,0
s243,V4,0
s244,V4,0
s245,V4,0
s246,V4,0
s247,V4,0
s248,V4,0
s249,V4,1
s250,V4,0
s251,V4,0
s252,V4,0
s253,V4,0
s254,V4,0
s255,V4,0
s256,V4,0
s257,V4,0
s258,V4,0
s259,V4,0
s260,V4,0
s261,V4,0
s262,V4,0
s263,V4,0
s264,V4,0
s265,V4,0
s266,V4,0
s267,V4,0
s268,V4,0
s269,V4,0
s270,V4,0
s271,V4,0
s272,V4,0
s273,V4,0
s274,V4,0
s275,V4,0
s276,V4,0
s277,V4,0
s278,V4,0
s279,V4,0
s280,V4,0
s281,V4,0
s282,V4,0
s283,V4,0
s284,V4,0
s285,V4,0
s286,V4,0
s287,V4,0
s288,V4,0
s289,V4,0
s290,V4,0
s291,V4,0
s292,V4,0
s293,V4,0
s294,V4,0
s295,V4,0
s296,V4,0
s297,V4,0
s298,V4,0
s299,V4,0
s300,V4,0
s301,V4,0
s302,V4,0
s303,V4,0
s304,V4,0
s305,V4,0
s306,V4,0
s307,V4,0
s308,V4,0
s309,V4,0
s310,V4,0
s311,V4,0
s312,V4,0
s313,V4,0
s314,V4,0
s315,V4,0
s316,V4,0
s317,V4,0
s318,V4,0
s319,V4,0
s320,V4,0
s321,V4,0
s322,V4,0
s323,V4,0
s324,V4,0
s325,V4,0
s326,V4,0
s327,V4,0
s328,V4,0
s329,V4,0
s330,V4,0
s331,V4,0
s332,V4,0
s333,V4,0
s334,V4,0
s335,V4,0
s336,V4,0
s337,V4,0
s338,V4,0
s339,V4,0
s340,V4,0
s341,V4,0
s342,V4,0
s343,V4,0
s344,V4,1
s345,V4,0
s346,V4,0
s347,V4,0
s348,V4,0
s349,V4,0
s350,V4,0
s351,V4,0
s352,V4,0
s353,V4,0
s354,V4,0
s355,V4,0
s356,V4,0
s357,V4,0
s358,V4,0
s359,V4,0
s360,V4,0
s361,V4,0
s362,V4,0
s363,V4,0
s1,V5,0
s2,V5,0
s3,V5,0
s4,V5,0
s5,V5,0
s6,V5,0
s7,V5,0
s8,V5,0
s9,V5,0
s10,V5,0
s11,V5,0
s12,V5,0
s13,V5,0
s14,V5,0
s15,V5,0
s16,V5,0
s17,V5,0
s18,V5,0
s19,V5,0
s20,V5,0
s21,V5,0
s22,V5,0
s23,V5,0
s24,V5,0
s25,V5,0
s26,V5,0
s27,V5,0
s28,V5,0
s29,V5,0
s30,V5,0
s31,V5,0
s32,V5,0
s33,V5,0
s34,V5,0
s35,V5,0
s36,V5,0
s37,V5,0
s38,V5,0
s39,V5,0
s40,V5,0
s41,V5,0
s42,V5,0
s43,V5,0
s44,V5,0
s45,V5,0
s46,V5,0
s47,V5,0
s48,V5,0
s49,V5,0
s50,V5,0
s51,V5,0
s52,V5,0
s53,V5,0
s54,V5,0
s55,V5,0
s56,V5,0
s57,V5,0
s58,V5,0
s59,V5,0
s60,V5,0
s61,V5,0
s62,V5,0
s63,V5,0
s64,V5,0
s65,V5,0
s66,V5,0
s67,V5,0
s68,V5,0
s69,V5,0
s70,V5,1
s71,V5,0
s72,V5,0
s73,V5,0
s74,V5,0
s75,V5,0
s76,V5,0
s77,V5,0
s78,V5,0
s79,V5,0
s80,V5,0
s81,V5,0
s82,V5,0
s83,V5,0
s84,V5,0
s85,V5,0
s86,V5,0
s87,V5,0
s88,V5,0
s89,V5,0
s90,V5,0
s91,V5,0
s92,V5,0
s93,V5,0
s94,V5,0
s95,V5,0
s96,V5,0
s97,V5,0
s98,V5,0
s99,V5,0
s100,V5,0
s101,V5,0
s102,V5,0
s103,V5,0
s104,V5,0
s105,V5,0
s106,V5,0
s107,V5,0
s108,V5,0
s109,V5,0
s110,V5,0
s111,V5,0
s112,V5,0
s113,V5,0
s114,V5,0
s115,V5,0
s116,V5,0
s117,V5,0
s118,V5,0
s119,V5,0
s120,V5,0
s121,V5,0
s122,V5,0
s123,V5,0
s124,V5,0
s125,V5,0
s126,V5,0
s127,V5,0
s128,V5,0
s129,V5,0
s130,V5,0
s131,V5,0
s132,V5,0
s133,V5,0
s134,V5,0
s135,V5,0
s136,V5,0
s137,V5,0
s138,V5,0
s139,V5,0
s140,V5,0
s141,V5,0
s142,V5,0
s143,V5,0
s144,V5,0
s145,V5,0
s146,V5,0
s147,V5,0
s148,V5,0
s149,V5,0
s150,V5,0
s151,V5,0
s152,V5,0
s153,V5,0
s154,V5,1
s155,V5,0
s156,V5,0
s157,V5,0
s158,V5,0
s159,V5,0
s160,V5,0
s161,V5,0
s162,V5,0
s163,V5,0
s164,V5,0
s165,V5,0
s166,V5,0
s167,V5,0
s168,V5,0
s169,V5,0
s170,V5,0
s171,V5,0
s172,V5,0
s173,V5,0
s174,V5,0
s175,V5,0
s176,V5,0
s177,V5,0
s178,V5,0
s179,V5,0
s180,V5,0
s181,V5,0
s182,V5,0
s183,V5,0
s184,V5,0
s185,V5,0
s186,V5,0
s187,V5,1
s188,V5,0
s189,V5,0
s190,V5,0
s191,V5,0
s192,V5,0
s193,V5,0
s194,V5,0
s195,V5,0
s196,V5,0
s197,V5,0
s198,V5,0
s199,V5,0
s200,V5,0
s201,V5,0
s202,V5,0
s203,V5,0
s204,V5,0
s205,V5,0
s206,V5,0
s207,V5,0
s208,V5,0
s209,V5,0
s210,V5,0
s211,V5,0
s212,V5,0
s213,V5,0
s214,V5,0
s215,V5,0
s216,V5,0
s217,V5,0
s218,V5,0
s219,V5,0
s220,V5,0
s221,V5,0
s222,V5,0
s223,V5,0
s224,V5,0
s225,V5,0
s226,V5,0
s227,V5,0
s228,V5,0
s229,V5,0
s230,V5,0
s231,V5,0
s232,V5,0
s233,V5,0
s234,V5,0
s235,V5,0
s236,V5,0
s237,V5,0
s238,V5,0
s239,V5,0
s240,V5,0
s241,V5,0
s242,V5,0
s243,V5,0
s244,V5,0
s245,V5,0
s246,V5,0
s247,V5,0
s248,V5,0
s249,V5,0
s250,V5,0
s251,V5,0
s252,V5,0
s253,V5,0
s254,V5,0
s255,V5,0
s256,V5,0
s257,V5,0
s258,V5,0
s259,V5,0
s260,V5,0
s261,V5,0
s262,V5,0
s263,V5,0
s264,V5,0
s265,V5,0
s266,V5,0
s267,V5,0
s268,V5,0
s269,V5,0
s270,V5,0
s271,V5,0
s272,V5,0
s273,V5,0
s274,V5,0
s275,V5,0
s276,V5,0
s277,V5,0
s278,V5,0
s279,V5,0
s280,V5,0
s281,V5,0
s282,V5,0
s283,V5,0
s284,V5,0
s285,V5,0
s286,V5,0
s287,V5,0
s288,V5,0
s289,V5,0
s290,V5,0
s291,V5,0
s292,V5,0
s293,V5,0
s294,V5,0
s295,V5,0
s296,V5,0
s297,V5,0
s298,V5,0
s299,V5,0
s300,V5,0
s301,V5,0
s302,V5,0
s303,V5,0
s304,V5,0
s305,V5,0
s306,V5,0
s307,V5,0
s308,V5,0
s309,V5,0
s310,V5,0
s311,V5,0
s312,V5,0
s313,V5,0
s314,V5,0
s315,V5,0
s316,V5,0
s317,V5,0
s318,V5,0
s319,V5,0
s320,V5,0
s321,V5,0
s322,V5,0
s323,V5,0
s324,V5,0
s325,V5,0
s326,V5,0
s327,V5,0
s328,V5,0
s329,V5,0
s330,V5,0
s331,V5,0
s332,V5,0
s333,V5,0
s334,V5,0
s335,V5,0
s336,V5,0
s337,V5,0
s338,V5,0
s339,V5,0
s340,V5,0
s341,V5,0
s342,V5,0
s343,V5,0
s344,V5,0
s345,V5,0
s346,V5,0
s347,V5,0
s348,V5,0
s349,V5,0
s350,V5,0
s351,V5,0
s352,V5,0
s353,V5,0
s354,V5,0
s355,V5,0
s356,V5,0
s357,V5,0
s358,V5,0
s359,V5,0
s360,V5,0
s361,V5,0
s362,V5,0
s363,V5,0
s1,V6,0
s2,V6,0
s3,V6,0
s4,V6,0
s5,V6,0
s6,V6,0
s7,V6,0
s8,V6,0
s9,V6,0
s10,V6,0
s11,V6,0
s12,V6,0
s13,V6,0
s14,V6,0
s15,V6,0
s16,V6,0
s17,V6,0
s18,V6,0
s19,V6,0
s20,V6,0
s21,V6,0
s22,V6,0
s23,V6,0
s24,V6,0
s25,V6,0
s26,V6,0
s27,V6,0
s28,V6,0
s29,V6,0
s30,V6,0
s31,V6,0
s32,V6,0
s33,V6,0
s34,V6,0
s35,V6,0
s36,V6,0
s37,V6,0
s38,V6,0
s39,V6,0
s40,V6,0
s41,V6,0
s42,V6,0
s43,V6,0
s44,V6,0
s45,V6,0
s46,V6,0
s47,V6,0
s48,V6,0
s49,V6,1
s50,V6,0
s51,V6,0
s52,V6,0
s53,V6,0
s54,V6,0
s55,V6,0
s56,V6,0
s57,V6,0
s58,V6,0
s59,V6,0
s60,V6,0
s61,V6,0
s62,V6,0
s63,V6,0
s64,V6,0
s65,V6,0
s66,V6,0
s67,V6,0
s68,V6,0
s69,V6,0
s70,V6,0
s71,V6,0
s72,V6,0
s73,V6,0
s74,V6,0
s75,V6,0
s76,V6,0
s77,V6,0
s78,V6,0
s79,V6,0
s80,V6,0
s81,V6,0
s82,V6,0
s83,V6,0
s84,V6,0
s85,V6,0
s86,V6,0
s87,V6,0
s88,V6,0
s89,V6,0
s90,V6,0
s91,V6,0
s92,V6,0
s93,V6,0
s94,V6,0
s95,V6,0
s96,V6,0
s97,V6,0
s98,V6,0
s99,V6,0
s100,V6,0
s101,V6,0
s102,V6,0
s103,V6,0
s104,V6,0
s105,V6,0
s106,V6,1
s107,V6,0
s108,V6,0
s109,V6,0
s110,V6,0
s111,V6,0
s112,V6,0
s113,V6,0
s114,V6,0
s115,V6,0
s116,V6,0
s117,V6,0
s118,V6,0
s119,V6,0
s120,V6,0
s121,V6,0
s122,V6,0
s123,V6,0
s124,V6,0
s125,V6,0
s126,V6,0
s127,V6,0
s128,V6,0
s129,V6,0
s130,V6,0
s131,V6,0
s132,V6,0
s133,V6,0
s134,V6,0
s135,V6,0
s136,V6,0
s137,V6,0
s138,V6,0
s139,V6,0
s140,V6,0
s141,V6,0
s142,V6,0
s143,V6,0
s144,V6,0
s145,V6,0
s146,V6,0
s147,V6,0
s148,V6,0
s149,V6,0
s150,V6,0
s151,V6,0
s152,V6,0
s153,V6,0
s154,V6,0
s155,V6,0
s156,V6,0
s157,V6,0
s158,V6,0
s159,V6,0
s160,V6,0
s161,V6,0
s162,V6,0
s163,V6,0
s164,V6,0
s165,V6,0
s166,V6,0
s167,V6,0
s168,V6,0
s169,V6,0
s170,V6,0
s171,V6,0
s172,V6,0
s173,V6,0
s174,V6,0
s175,V6,0
s176,V6,0
s177,V6,0
s178,V6,0
s179,V6,0
s180,V6,0
s181,V6,0
s182,V6,0
s183,V6,0
s184,V6,0
s185,V6,0
s186,V6,0
s187,V6,0
s188,V6,0
s189,V6,0
s190,V6,0
s191,V6,0
s192,V6,0
s193,V6,0
s194,V6,0
s195,V6,0
s196,V6,0
s197,V6,0
s198,V6,0
s199,V6,0
s200,V6,0
s201,V6,0
s202,V6,0
s203,V6,0
s204,V6,0
s205,V6,0
s206,V6,0
s207,V6,0
s208,V6,0
s209,V6,0
s210,V6,0
s211,V6,0
s212,V6,0
s213,V6,0
s214,V6,0
s215,V6,0
s216,V6,0
s217,V6,0
s218,V6,0
s219,V6,0
s220,V6,0
s221,V6,0
s222,V6,0
s223,V6,0
s224,V6,0
s225,V6,0
s226,V6,0
s227,V6,0
s228,V6,0
s229,V6,0
s230,V6,0
s231,V6,0
s232,V6,0
s233,V6,0
s234,V6,1
s235,V6,0
s236,V6,0
s237,V6,0
s238,V6,0
s239,V6,0
s240,V6,0
s241,V6,0
s242,V6,0
s243,V6,0
s244,V6,0
s245,V6,0
s246,V6,0
s247,V6,0
s248,V6,0
s249,V6,0
s250,V6,0
s251,V6,0
s252,V6,1
s253,V6,0
s254,V6,0
s255,V6,0
s256,V6,0
s257,V6,1
s258,V6,0
s259,V6,0
s260,V6,0
s261,V6,0
s262,V6,0
s263,V6,0
s264,V6,0
s265,V6,0
s266,V6,0
s267,V6,0
s268,V6,0
s269,V6,0
s270,V6,0
s271,V6,0
s272,V6,0
s273,V6,0
s274,V6,0
s275,V6,0
s276,V6,0
s277,V6,0
s278,V6,0
s279,V6,0
s280,V6,0
s281,V6,0
s282,V6,0
s283,V6,0
s284,V6,0
s285,V6,0
s286,V6,0
s287,V6,0
s288,V6,0
s289,V6,0
s290,V6,0
s291,V6,0
s292,V6,0
s293,V6,0
s294,V6,0
s295,V6,0
s296,V6,0
s297,V6,0
s298,V6,0
s299,V6,0
s300,V6,0
s301,V6,0
s302,V6,0
s303,V6,0
s304,V6,0
s305,V6,0
s306,V6,0
s307,V6,0
s308,V6,0
s309,V6,0
s310,V6,0
s311,V6,0
s312,V6,0
s313,V6,0
s314,V6,0
s315,V6,0
s316,V6,0
s317,V6,0
s318,V6,0
s319,V6,0
s320,V6,0
s321,V6,0
s322,V6,0
s323,V6,0
s324,V6,0
s325,V6,0
s326,V6,0
s327,V6,0
s328,V6,0
s329,V6,0
s330,V6,0
s331,V6,0
s332,V6,0
s333,V6,0
s334,V6,0
s335,V6,0
s336,V6,0
s337,V6,0
s338,V6,0
s339,V6,0
s340,V6,0
s341,V6,0
s342,V6,0
s343,V6,0
s344,V6,0
s345,V6,0
s346,V6,0
s347,V6,0
s348,V6,0
s349,V6,0
s350,V6,0
s351,V6,0
s352,V6,0
s353,V6,0
s354,V6,1
s355,V6,0
s356,V6,0
s357,V6,0
s358,V6,0
s359,V6,0
s360,V6,0
s361,V6,0
s362,V6,0
s363,V6,0
s1,V7,0
s2,V7,0
s3,V7,0
s4,V7,0
s5,V7,0
s6,V7,0
s7,V7,0
s8,V7,0
s9,V7,0
s10,V7,0
s11,V7,0
s12,V7,0
s13,V7,0
s14,V7,1
s15,V7,0
s16,V7,0
s17,V7,0
s18,V7,0
s19,V7,0
s20,V7,0
s21,V7,0
s22,V7,0
s23,V7,0
s24,V7,0
s25,V7,0
s26,V7,0
s27,V7,0
s28,V7,0
s29,V7,0
s30,V7,0
s31,V7,0
s32,V7,0
s33,V7,0
s34,V7,0
s35,V7,0
s36,V7,0
s37,V7,0
s38,V7,0
s39,V7,0
s40,V7,0
s41,V7,0
s42,V7,0
s43,V7,0
s44,V7,0
s45,V7,0
s46,V7,0
s47,V7,0
s48,V7,0
s49,V7,0
s50,V7,0
s51,V7,0
s52,V7,0
s53,V7,0
s54,V7,0
s55,V7,0
s56,V7,0
s57,V7,0
s58,V7,0
s59,V7,0
s60,V7,0
s61,V7,0
s62,V7,0
s63,V7,0
s64,V7,0
s65,V7,0
s66,V7,0
s67,V7,0
s68,V7,0
s69,V7,0
s70,V7,0
s71,V7,0
s72,V7,0
s73,V7,0
s74,V7,0
s75,V7,0
s76,V7,0
s77,V7,0
s78,V7,0
s79,V7,0
s80,V7,0
s81,V7,0
s82,V7,0
s83,V7,0
s84,V7,0
s85,V7,0
s86,V7,0
s87,V7,0
s88,V7,0
s89,V7,0
s90,V7,0
s91,V7,0
s92,V7,0
s93,V7,0
s94,V7,0
s95,V7,0
s96,V7,0
s97,V7,0
s98,V7,0
s99,V7,0
s100,V7,0
s101,V7,0
s102,V7,0
s103,V7,0
s104,V7,0
s105,V7,0
s106,V7,0
s107,V7,0
s108,V7,0
s109,V7,1
s110,V7,0
s111,V7,0
s112,V7,0
s113,V7,0
s114,V7,0
s115,V7,0
s116,V7,0
s117,V7,0
s118,V7,0
s119,V7,0
s120,V7,0
s121,V7,0
s122,V7,0
s123,V7,0
s124,V7,0
s125,V7,0
s126,V7,0
s127,V7,0
s128,V7,0
s129,V7,0
s130,V7,0
s131,V7,0
s132,V7,0
s133,V7,0
s134,V7,0
s135,V7,0
s136,V7,0
s137,V7,0
s138,V7,0
s139,V7,0
s140,V7,0
s141,V7,0
s142,V7,0
s143,V7,0
s144,V7,0
s145,V7,0
s146,V7,0
s147,V7,0
s148,V7,0
s149,V7,0
s150,V7,0
s151,V7,0
s152,V7,0
s153,V7,0
s154,V7,0
s155,V7,0
s156,V7,0
s157,V7,0
s158,V7,0
s159,V7,0
s160,V7,0
s161,V7,0
s162,V7,0
s163,V7,0
s164,V7,0
s165,V7,0
s166,V7,0
s167,V7,0
s168,V7,0
s169,V7,0
s170,V7,0
s171,V7,0
s172,V7,0
s173,V7,0
s174,V7,0
s175,V7,0
s176,V7,0
s177,V7,0
s178,V7,0
s179,V7,0
s180,V7,0
s181,V7,0
s182,V7,0
s183,V7,0
s184,V7,0
s185,V7,0
s186,V7,0
s187,V7,0
s188,V7,0
s189,V7,0
s190,V7,0
s191,V7,0
s192,V7,0
s193,V7,0
s194,V7,0
s195,V7,0
s196,V7,0
s197,V7,0
s198,V7,0
s199,V7,0
s200,V7,0
s201,V7,0
s202,V7,0
s203,V7,0
s204,V7,0
s205,V7,0
s206,V7,0
s207,V7,0
s208,V7,0
s209,V7,0
s210,V7,0
s211,V7,0
s212,V7,0
s213,V7,0
s214,V7,0
s215,V7,0
s216,V7,0
s217,V7,0
s218,V7,0
s219,V7,0
s220,V7,0
s221,V7,0
s222,V7,0
s223,V7,0
s224,V7,0
s225,V7,0
s226,V7,0
s227,V7,0
s228,V7,0
s229,V7,0
s230,V7,0
s231,V7,0
s232,V7,0
s233,V7,0
s234,V7,0
s235,V7,0
s236,V7,0
s237,V7,0
s238,V7,0
s239,V7,0
s240,V7,0
s241,V7,0
s242,V7,0
s243,V7,0
s244,V7,0
s245,V7,0
s246,V7,0
s247,V7,0
s248,V7,0
s249,V7,0
s250,V7,0
s251,V7,0
s252,V7,0
s253,V7,0
s254,V7,0
s255,V7,0
s256,V7,0
s257,V7,0
s258,V7,0
s259,V7,0
s260,V7,0
s261,V7,0
s262,V7,0
s263,V7,0
s264,V7,0
s265,V7,0
s266,V7,0
s267,V7,0
s268,V7,0
s269,V7,0
s270,V7,0
s271,V7,0
s272,V7,0
s273,V7,0
s274,V7,0
s275,V7,0
s276,V7,0
s277,V7,0
s278,V7,0
s279,V7,0
s280,V7,0
s281,V7,0
s282,V7,0
s283,V7,1
s284,V7,1
s285,V7,0
s286,V7,0
s287,V7,0
s288,V7,0
s289,V7,0
s290,V7,0
s291,V7,0
s292,V7,0
s293,V7,0
s294,V7,0
s295,V7,0
s296,V7,0
s297,V7,0
s298,V7,0
s299,V7,0
s300,V7,0
s301,V7,0
s302,V7,0
s303,V7,0
s304,V7,0
s305,V7,0
s306,V7,0
s307,V7,0
s308,V7,0
s309,V7,0
s310,V7,0
s311,V7,0
s312,V7,0
s313,V7,0
s314,V7,0
s315,V7,0
s316,V7,0
s317,V7,0
s318,V7,0
s319,V7,0
s320,V7,0
s321,V7,0
s322,V7,0
s323,V7,0
s324,V7,0
s325,V7,0
s326,V7,0
s327,V7,0
s328,V7,0
s329,V7,0
s330,V7,0
s331,V7,0
s332,V7,0
s333,V7,0
s334,V7,0
s335,V7,0
s336,V7,0
s337,V7,0
s338,V7,0
s339,V7,0
s340,V7,0
s341,V7,0
s342,V7,0
s343,V7,0
s344,V7,0
s345,V7,0
s346,V7,0
s347,V7,0
s348,V7,0
s349,V7,0
s350,V7,0
s351,V7,0
s352,V7,0
s353,V7,0
s354,V7,0
s355,V7,0
s356,V7,0
s357,V7,0
s358,V7,0
s359,V7,0
s360,V7,0
s361,V7,0
s362,V7,0
s363,V7,0
s1,V8,0
s2,V8,0
s3,V8,0
s4,V8,0
s5,V8,0
s6,V8,0
s7,V8,0
s8,V8,0
s9,V8,0
s10,V8,0
s11,V8,0
s12,V8,0
s13,V8,0
s14,V8,0
s15,V8,0
s16,V8,0
s17,V8,0
s18,V8,0
s19,V8,0
s20,V8,0
s21,V8,0
s22,V8,0
s23,V8,0
s24,V8,0
s25,V8,0
s26,V8,0
s27,V8,0
s28,V8,0
s29,V8,0
s30,V8,0
s31,V8,0
s32,V8,0
s33,V8,0
s34,V8,0
s35,V8,0
s36,V8,0
s37,V8,0
s38,V8,0
s39,V8,0
s40,V8,0
s41,V8,0
s42,V8,0
s43,V8,0
s44,V8,0
s45,V8,0
s46,V8,0
s47,V8,0
s48,V8,0
s49,V8,0
s50,V8,0
s51,V8,0
s52,V8,0
s53,V8,0
s54,V8,0
s55,V8,0
s56,V8,0
s57,V8,0
s58,V8,0
s59,V8,0
s60,V8,0
s61,V8,0
s62,V8,0
s63,V8,0
s64,V8,0
s65,V8,0
s66,V8,0
s67,V8,0
s68,V8,0
s69,V8,0
s70,V8,0
s71,V8,0
s72,V8,0
s73,V8,0
s74,V8,0
s75,V8,0
s76,V8,0
s77,V8,0
s78,V8,0
s79,V8,0
s80,V8,0
s81,V8,0
s82,V8,0
s83,V8,0
s84,V8,0
s85,V8,0
s86,V8,0
s87,V8,0
s88,V8,0
s89,V8,0
s90,V8,0
s91,V8,0
s92,V8,0
s93,V8,0
s94,V8,0
s95,V8,0
s96,V8,0
s97,V8,0
s98,V8,0
s99,V8,0
s100,V8,0
s101,V8,0
s102,V8,0
s103,V8,0
s104,V8,0
s105,V8,0
s106,V8,0
s107,V8,0
s108,V8,0
s109,V8,0
s110,V8,0
s111,V8,0
s112,V8,0
s113,V8,0
s114,V8,0
s115,V8,0
s116,V8,0
s117,V8,0
s118,V8,0
s119,V8,0
s120,V8,0
s121,V8,0
s122,V8,0
s123,V8,0
s124,V8,0
s125,V8,0
s126,V8,0
s127,V8,0
s128,V8,0
s129,V8,0
s130,V8,0
s131,V8,0
s132,V8,0
s133,V8,0
s134,V8,0
s135,V8,0
s136,V8,0
s137,V8,0
s138,V8,0
s139,V8,0
s140,V8,0
s141,V8,0
s142,V8,0
s143,V8,0
s144,V8,0
s145,V8,0
s146,V8,0
s147,V8,0
s148,V8,0
s149,V8,0
s150,V8,0
s151,V8,0
s152,V8,0
s153,V8,0
s154,V8,0
s155,V8,0
s156,V8,0
s157,V8,0
s158,V8,0
s159,V8,0
s160,V8,0
s161,V8,0
s162,V8,0
s163,V8,0
s164,V8,0
s165,V8,0
s166,V8,0
s167,V8,0
s168,V8,0
s169,V8,0
s170,V8,0
s171,V8,0
s172,V8,0
s173,V8,0
s174,V8,0
s175,V8,0
s176,V8,0
s177,V8,0
s178,V8,0
s179,V8,0
s180,V8,0
s181,V8,0
s182,V8,0
s183,V8,0
s184,V8,0
s185,V8,0
s186,V8,0
s187,V8,0
s188,V8,0
s189,V8,1
s190,V8,0
s191,V8,0
s192,V8,0
s193,V8,0
s194,V8,0
s195,V8,0
s196,V8,0
s197,V8,0
s198,V8,0
s199,V8,0
s200,V8,0
s201,V8,0
s202,V8,0
s203,V8,0
s204,V8,0
s205,V8,0
s206,V8,0
s207,V8,0
s208,V8,0
s209,V8,0
s210,V8,0
s211,V8,0
s212,V8,0
s213,V8,0
s214,V8,0
s215,V8,0
s216,V8,0
s217,V8,0
s218,V8,0
s219,V8,0
s220,V8,0
s221,V8,0
s222,V8,0
s223,V8,0
s224,V8,0
s225,V8,0
s226,V8,0
s227,V8,0
s228,V8,0
s229,V8,0
s230,V8,0
s231,V8,0
s232,V8,0
s233,V8,0
s234,V8,0
s235,V8,0
s236,V8,0
s237,V8,0
s238,V8,0
s239,V8,0
s240,V8,0
s241,V8,0
s242,V8,0
s243,V8,0
s244,V8,0
s245,V8,0
s246,V8,0
s247,V8,0
s248,V8,0
s249,V8,0
s250,V8,0
s251,V8,0
s252,V8,0
s253,V8,0
s254,V8,0
s255,V8,0
s256,V8,0
s257,V8,0
s258,V8,0
s259,V8,0
s260,V8,0
s261,V8,0
s262,V8,0
s263,V8,0
s264,V8,0
s265,V8,0
s266,V8,0
s267,V8,0
s268,V8,0
s269,V8,0
s270,V8,0
s271,V8,0
s272,V8,0
s273,V8,0
s274,V8,0
s275,V8,0
s276,V8,0
s277,V8,0
s278,V8,0
s279,V8,0
s280,V8,0
s281,V8,0
s282,V8,0
s283,V8,0
s284,V8,0
s285,V8,0
s286,V8,0
s287,V8,0
s288,V8,0
s289,V8,0
s290,V8,0
s291,V8,0
s292,V8,0
s293,V8,0
s294,V8,0
s295,V8,0
s296,V8,0
s297,V8,0
s298,V8,0
s299,V8,0
s300,V8,0
s301,V8,0
s302,V8,0
s303,V8,0
s304,V8,0
s305,V8,0
s306,V8,0
s307,V8,0
s308,V8,0
s309,V8,0
s310,V8,0
s311,V8,0
s312,V8,0
s313,V8,0
s314,V8,0
s315,V8,0
s316,V8,0
s317,V8,0
s318,V8,0
s319,V8,0
s320,V8,0
s321,V8,0
s322,V8,0
s323,V8,0
s324,V8,0
s325,V8,0
s326,V8,0
s327,V8,0
s328,V8,0
s329,V8,0
s330,V8,0
s331,V8,0
s332,V8,0
s333,V8,0
s334,V8,0
s335,V8,0
s336,V8,0
s337,V8,0
s338,V8,0
s339,V8,0
s340,V8,0
s341,V8,0
s342,V8,0
s343,V8,0
s344,V8,0
s345,V8,0
s346,V8,0
s347,V8,0
s348,V8,0
s349,V8,0
s350,V8,0
s351,V8,0
s352,V8,0
s353,V8,0
s354,V8,0
s355,V8,0
s356,V8,0
s357,V8,0
s358,V8,0
s359,V8,0
s360,V8,0
s361,V8,0
s362,V8,0
s363,V8,0
s1,V9,0
s2,V9,0
s3,V9,0
s4,V9,0
s5,V9,0
s6,V9,0
s7,V9,0
s8,V9,0
s9,V9,0
s10,V9,0
s11,V9,0
s12,V9,0
s13,V9,0
s14,V9,0
s15,V9,0
s16,V9,0
s17,V9,0
s18,V9,0
s19,V9,0
s20,V9,0
s21,V9,0
s22,V9,0
s23,V9,0
s24,V9,0
s25,V9,0
s26,V9,0
s27,V9,0
s28,V9,0
s29,V9,0
s30,V9,0
s31,V9,0
s32,V9,0
s33,V9,0
s34,V9,0
s35,V9,0
s36,V9,0
s37,V9,0
s38,V9,0
s39,V9,0
s40,V9,0
s41,V9,0
s42,V9,0
s43,V9,0
s44,V9,0
s45,V9,0
s46,V9,0
s47,V9,0
s48,V9,0
s49,V9,0
s50,V9,0
s51,V9,0
s52,V9,0
s53,V9,0
s54,V9,0
s55,V9,0
s56,V9,0
s57,V9,0
s58,V9,0
s59,V9,0
s60,V9,0
s61,V9,0
s62,V9,0
s63,V9,0
s64,V9,0
s65,V9,0
s66,V9,0
s67,V9,0
s68,V9,0
s69,V9,0
s70,V9,0
s71,V9,0
s72,V9,0
s73,V9,0
s74,V9,0
s75,V9,0
s76,V9,0
s77,V9,0
s78,V9,0
s79,V9,0
s80,V9,0
s81,V9,0
s82,V9,0
s83,V9,0
s84,V9,0
s85,V9,0
s86,V9,0
s87,V9,0
s88,V9,0
s89,V9,0
s90,V9,0
s91,V9,0
s92,V9,0
s93,V9,0
s94,V9,0
s95,V9,0
s96,V9,0
s97,V9,0
s98,V9,0
s99,V9,0
s100,V9,0
s101,V9,0
s102,V9,0
s103,V9,0
s104,V9,0
s105,V9,0
s106,V9,0
s107,V9,0
s108,V9,0
s109,V9,0
s110,V9,0
s111,V9,0
s112,V9,0
s113,V9,0
s114,V9,0
s115,V9,0
s116,V9,0
s117,V9,0
s118,V9,0
s119,V9,0
s120,V9,0
s121,V9,0
s122,V9,0
s123,V9,0
s124,V9,0
s125,V9,0
s126,V9,0
s127,V9,0
s128,V9,0
s129,V9,0
s130,V9,0
s131,V9,0
s132,V9,0
s133,V9,0
s134,V9,0
s135,V9,0
s136,V9,0
s137,V9,0
s138,V9,0
s139,V9,0
s140,V9,0
s141,V9,0
s142,V9,0
s143,V9,0
s144,V9,0
s145,V9,1
s146,V9,0
s147,V9,0
s148,V9,0
s149,V9,0
s150,V9,0
s151,V9,0
s152,V9,0
s153,V9,0
s154,V9,0
s155,V9,0
s156,V9,0
s157,V9,0
s158,V9,0
s159,V9,0
s160,V9,0
s161,V9,0
s162,V9,0
s163,V9,0
s164,V9,0
s165,V9,0
s166,V9,0
s167,V9,0
s168,V9,0
s169,V9,0
s170,V9,0
s171,V9,0
s172,V9,0
s173,V9,0
s174,V9,1
s175,V9,1
s176,V9,0
s177,V9,0
s178,V9,0
s179,V9,0
s180,V9,0
s181,V9,0
s182,V9,0
s183,V9,0
s184,V9,0
s185,V9,0
s186,V9,0
s187,V9,0
s188,V9,0
s189,V9,0
s190,V9,0
s191,V9,0
s192,V9,0
s193,V9,0
s194,V9,0
s195,V9,0
s196,V9,0
s197,V9,0
s198,V9,0
s199,V9,0
s200,V9,0
s201,V9,0
s202,V9,0
s203,V9,0
s204,V9,0
s205,V9,0
s206,V9,0
s207,V9,0
s208,V9,0
s209,V9,0
s210,V9,0
s211,V9,0
s212,V9,0
s213,V9,1
s214,V9,0
s215,V9,0
s216,V9,0
s217,V9,0
s218,V9,0
s219,V9,0
s220,V9,0
s221,V9,1
s222,V9,0
s223,V9,0
s224,V9,0
s225,V9,0
s226,V9,0
s227,V9,0
s228,V9,0
s229,V9,0
s230,V9,0
s231,V9,0
s232,V9,0
s233,V9,0
s234,V9,0
s235,V9,1
s236,V9,0
s237,V9,0
s238,V9,0
s239,V9,0
s240,V9,1
s241,V9,1
s242,V9,0
s243,V9,0
s244,V9,0
s245,V9,0
s246,V9,0
s247,V9,0
s248,V9,0
s249,V9,0
s250,V9,0
s251,V9,0
s252,V9,0
s253,V9,0
s254,V9,0
s255,V9,0
s256,V9,0
s257,V9,0
s258,V9,0
s259,V9,0
s260,V9,0
s261,V9,0
s262,V9,0
s263,V9,0
s264,V9,0
s265,V9,0
s266,V9,0
s267,V9,0
s268,V9,0
s269,V9,0
s270,V9,0
s271,V9,0
s272,V9,0
s273,V9,0
s274,V9,0
s275,V9,0
s276,V9,0
s277,V9,0
s278,V9,0
s279,V9,0
s280,V9,0
s281,V9,0
s282,V9,0
s283,V9,0
s284,V9,0
s285,V9,0
s286,V9,0
s287,V9,0
s288,V9,0
s289,V9,0
s290,V9,0
s291,V9,0
s292,V9,0
s293,V9,0
s294,V9,0
s295,V9,0
s296,V9,0
s297,V9,0
s298,V9,0
s299,V9,0
s300,V9,0
s301,V9,0
s302,V9,0
s303,V9,0
s304,V9,0
s305,V9,0
s306,V9,0
s307,V9,0
s308,V9,0
s309,V9,0
s310,V9,0
s311,V9,0
s312,V9,0
s313,V9,0
s314,V9,1
s315,V9,0
s316,V9,0
s317,V9,0
s318,V9,0
s319,V9,0
s320,V9,0
s321,V9,0
s322,V9,0
s323,V9,0
s324,V9,0
s325,V9,0
s326,V9,0
s327,V9,0
s328,V9,0
s329,V9,0
s330,V9,0
s331,V9,0
s332,V9,0
s333,V9,0
s334,V9,0
s335,V9,0
s336,V9,0
s337,V9,0
s338,V9,0
s339,V9,0
s340,V9,0
s341,V9,0
s342,V9,0
s343,V9,0
s344,V9,0
s345,V9,0
s346,V9,0
s347,V9,0
s348,V9,0
s349,V9,0
s350,V9,0
s351,V9,0
s352,V9,0
s353,V9,0
s354,V9,0
s355,V9,0
s356,V9,0
s357,V9,0
s358,V9,0
s359,V9,0
s360,V9,0
s361,V9,0
s362,V9,0
s363,V9,0
s1,V10,0
s2,V10,0
s3,V10,0
s4,V10,0
s5,V10,0
s6,V10,0
s7,V10,0
s8,V10,0
s9,V10,0
s10,V10,0
s11,V10,0
s12,V10,0
s13,V10,0
s14,V10,0
s15,V10,0
s16,V10,0
s17,V10,0
s18,V10,0
s19,V10,0
s20,V10,0
s21,V10,0
s22,V10,0
s23,V10,0
s24,V10,0
s25,V10,0
s26,V10,0
s27,V10,0
s28,V10,0
s29,V10,0
s30,V10,0
s31,V10,0
s32,V10,0
s33,V10,0
s34,V10,0
s35,V10,0
s36,V10,0
s37,V10,0
s38,V10,0
s39,V10,0
s40,V10,0
s41,V10,0
s42,V10,0
s43,V10,0
s44,V10,0
s45,V10,0
s46,V10,0
s47,V10,0
s48,V10,0
s49,V10,0
s50,V10,0
s51,V10,0
s52,V10,0
s53,V10,0
s54,V10,0
s55,V10,0
s56,V10,0
s57,V10,0
s58,V10,0
s59,V10,0
s60,V10,0
s61,V10,0
s62,V10,0
s63,V10,0
s64,V10,0
s65,V10,0
s66,V10,0
s67,V10,0
s68,V10,0
s69,V10,0
s70,V10,0
s71,V10,0
s72,V10,0
s73,V10,0
s74,V10,0
s75,V10,0
s76,V10,0
s77,V10,0
s78,V10,0
s79,V10,0
s80,V10,0
s81,V10,0
s82,V10,0
s83,V10,0
s84,V10,0
s85,V10,0
s86,V10,0
s87,V10,0
s88,V10,0
s89,V10,0
s90,V10,0
s91,V10,0
s92,V10,0
s93,V10,0
s94,V10,0
s95,V10,0
s96,V10,0
s97,V10,0
s98,V10,0
s99,V10,0
s100,V10,0
s101,V10,0
s102,V10,0
s103,V10,0
s104,V10,0
s105,V10,0
s106,V10,0
s107,V10,0
s108,V10,0
s109,V10,0
s110,V10,0
s111,V10,0
s112,V10,0
s113,V10,0
s114,V10,0
s115,V10,0
s116,V10,0
s117,V10,0
s118,V10,0
s119,V10,0
s120,V10,0
s121,V10,0
s122,V10,0
s123,V10,0
s124,V10,1
s125,V10,0
s126,V10,0
s127,V10,0
s128,V10,0
s129,V10,0
s130,V10,0
s131,V10,0
s132,V10,0
s133,V10,0
s134,V10,0
s135,V10,0
s136,V10,0
s137,V10,0
s138,V10,0
s139,V10,0
s140,V10,0
s141,V10,0
s142,V10,0
s143,V10,0
s144,V10,0
s145,V10,0
s146,V10,0
s147,V10,0
s148,V10,0
s149,V10,0
s150,V10,0
s151,V10,0
s152,V10,0
s153,V10,0
s154,V10,0
s155,V10,0
s156,V10,0
s157,V10,0
s158,V10,0
s159,V10,0
s160,V10,0
s161,V10,0
s162,V10,0
s163,V10,0
s164,V10,0
s165,V10,0
s166,V10,0
s167,V10,0
s168,V10,0
s169,V10,0
s170,V10,0
s171,V10,0
s172,V10,0
s173,V10,0
s174,V10,0
s175,V10,0
s176,V10,0
s177,V10,0
s178,V10,0
s179,V10,0
s180,V10,0
s181,V10,0
s182,V10,0
s183,V10,0
s184,V10,0
s185,V10,0
s186,V10,0
s187,V10,0
s188,V10,0
s189,V10,0
s190,V10,0
s191,V10,0
s192,V10,0
s193,V10,0
s194,V10,0
s195,V10,0
s196,V10,0
s197,V10,0
s198,V10,0
s199,V10,0
s200,V10,0
s201,V10,0
s202,V10,0
s203,V10,0
s204,V10,0
s205,V10,0
s206,V10,0
s207,V10,0
s208,V10,0
s209,V10,0
s210,V10,0
s211,V10,0
s212,V10,0
s213,V10,0
s214,V10,0
s215,V10,0
s216,V10,0
s217,V10,0
s218,V10,0
s219,V10,0
s220,V10,0
s221,V10,0
s222,V10,0
s223,V10,0
s224,V10,0
s225,V10,0
s226,V10,0
s227,V10,0
s228,V10,0
s229,V10,0
s230,V10,0
s231,V10,0
s232,V10,0
s233,V10,0
s234,V10,0
s235,V10,0
s236,V10,0
s237,V10,0
s238,V10,0
s239,V10,0
s240,V10,0
s241,V10,0
s242,V10,0
s243,V10,0
s244,V10,0
s245,V10,0
s246,V10,0
s247,V10,0
s248,V10,0
s249,V10,0
s250,V10,0
s251,V10,0
s252,V10,0
s253,V10,0
s254,V10,0
s255,V10,0
s256,V10,0
s257,V10,0
s258,V10,0
s259,V10,0
s260,V10,0
s261,V10,0
s262,V10,0
s263,V10,0
s264,V10,0
s265,V10,0
s266,V10,0
s267,V10,0
s268,V10,0
s269,V10,0
s270,V10,0
s271,V10,0
s272,V10,0
s273,V10,0
s274,V10,0
s275,V10,0
s276,V10,0
s277,V10,0
s278,V10,0
s279,V10,0
s280,V10,0
s281,V10,0
s282,V10,0
s283,V10,0
s284,V10,0
s285,V10,0
s286,V10,0
s287,V10,0
s288,V10,0
s289,V10,0
s290,V10,0
s291,V10,0
s292,V10,0
s293,V10,0
s294,V10,0
s295,V10,0
s296,V10,0
s297,V10,0
s298,V10,0
s299,V10,0
s300,V10,0
s301,V10,0
s302,V10,0
s303,V10,0
s304,V10,0
s305,V10,0
s306,V10,0
s307,V10,0
s308,V10,0
s309,V10,0
s310,V10,0
s311,V10,0
s312,V10,0
s313,V10,0
s314,V10,0
s315,V10,0
s316,V10,0
s317,V10,0
s318,V10,0
s319,V10,0
s320,V10,0
s321,V10,0
s322,V10,0
s323,V10,0
s324,V10,0
s325,V10,0
s326,V10,0
s327,V10,0
s328,V10,0
s329,V10,0
s330,V10,0
s331,V10,0
s332,V10,0
s333,V10,0
s334,V10,0
s335,V10,0
s336,V10,0
s337,V10,0
s338,V10,0
s339,V10,0
s340,V10,0
s341,V10,0
s342,V10,0
s343,V10,0
s344,V10,0
s345,V10,0
s346,V10,0
s347,V10,0
s348,V10,0
s349,V10,0
s350,V10,0
s351,V10,0
s352,V10,0
s353,V10,0
s354,V10,0
s355,V10,0
s356,V10,0
s357,V10,0
s358,V10,0
s359,V10,0
s360,V10,0
s361,V10,1
s362,V10,0
s363,V10,0